{
  "experiment_name": "2layers",
  "backbone_name": "dinov3",
  "base_acc": 0.5758881041587087,
  "metalign_acc": 0.6172069926773567,
  "main_acc": 0.6187105320904074,
  "between_class": {
    "base_acc": 0.4562340707513508,
    "metalign_acc": 0.5302885105515343,
    "main_acc": 0.5404220613722092
  },
  "class_border": {
    "base_acc": 0.8471220072154805,
    "metalign_acc": 0.877869793374877,
    "main_acc": 0.8709412922269597
  },
  "within_class": {
    "base_acc": 0.5608192557351933,
    "metalign_acc": 0.5749707696649599,
    "main_acc": 0.5720880538644518
  }
}