{
  "experiment_name": "32heads",
  "backbone_name": "dinov3",
  "base_acc": 0.5758881041587087,
  "metalign_acc": 0.6224653170029989,
  "main_acc": 0.6187105320904074,
  "between_class": {
    "base_acc": 0.4562340707513508,
    "metalign_acc": 0.5490264043225609,
    "main_acc": 0.5404220613722092
  },
  "class_border": {
    "base_acc": 0.8471220072154805,
    "metalign_acc": 0.8722531977697606,
    "main_acc": 0.8709412922269597
  },
  "within_class": {
    "base_acc": 0.5608192557351933,
    "metalign_acc": 0.5722493246784663,
    "main_acc": 0.5720880538644518
  }
}