{
  "experiment_name": "32heads",
  "backbone_name": "mae",
  "base_acc": 0.4061181863251059,
  "metalign_acc": 0.5479710345163886,
  "main_acc": 0.5496208642507091,
  "between_class": {
    "base_acc": 0.39102864716077074,
    "metalign_acc": 0.5102660821694363,
    "main_acc": 0.5081251911509838
  },
  "class_border": {
    "base_acc": 0.4581830108232207,
    "metalign_acc": 0.7245818301082322,
    "main_acc": 0.7311823548704494
  },
  "within_class": {
    "base_acc": 0.39543603596339155,
    "metalign_acc": 0.49840745071160747,
    "main_acc": 0.5013708019191226
  }
}