{
  "experiment_name": "8heads",
  "backbone_name": "mae",
  "base_acc": 0.4061181863251059,
  "metalign_acc": 0.5434522890371659,
  "main_acc": 0.5496208642507091,
  "between_class": {
    "base_acc": 0.39102864716077074,
    "metalign_acc": 0.5065959832806606,
    "main_acc": 0.5081251911509838
  },
  "class_border": {
    "base_acc": 0.4581830108232207,
    "metalign_acc": 0.7196211872745162,
    "main_acc": 0.7311823548704494
  },
  "within_class": {
    "base_acc": 0.39543603596339155,
    "metalign_acc": 0.4932669435148974,
    "main_acc": 0.5013708019191226
  }
}