{
  "experiment_name": "static_linear",
  "backbone_name": "clip",
  "base_acc": 0.6018708906642394,
  "metalign_acc": 0.5978072706289671,
  "main_acc": 0.6260250481538974,
  "between_class": {
    "base_acc": 0.5098175145274748,
    "metalign_acc": 0.48798042613925985,
    "main_acc": 0.5629116117850953
  },
  "class_border": {
    "base_acc": 0.855772384388324,
    "metalign_acc": 0.8636848146933421,
    "main_acc": 0.8657346671039685
  },
  "within_class": {
    "base_acc": 0.5680361246623392,
    "metalign_acc": 0.5756561706245212,
    "main_acc": 0.5705559811313148
  }
}